{"cameraMode":{"drawMode":0,"name":"Shaded","section":"Shading Mode"},"sceneLighting":true,"audioPlay":false,"sceneViewState":{"m_AlwaysRefresh":false,"showFog":true,"showSkybox":true,"showFlares":true,"showImageEffects":true,"showParticleSystems":true,"showVisualEffectGraphs":true,"m_FxEnabled":true},"in2DMode":false,"pivot":{"x":52.9900016784668,"y":-0.5699999332427979,"z":0.14999985694885255},"rotation":{"x":0.011024843901395798,"y":0.6946510076522827,"z":-0.010622506961226464,"w":0.7192507386207581},"size":5.71090030670166,"orthographic":false}